Workbook

Sheet Summary
A1: Monthly Procurement Operating Report - March 2026
A2: Source: CanadaBuys contract history (federal contracts), Open Government Licence - Canada. Data through publication date 2026-09-27. Amounts in CAD.
A3: Settled month: ended more than 180 days before the newest publication date (heuristic - late postings are still possible; see Notes).
A4: Month key | B4: 2026-03 | C4: 2026-02 | F4: 2025-03
A5: KPI (by award month) | B5: This month | C5: Prior month | D5: Change | E5: % change | F5: Same month last year | G5: % vs last year
A6: Contracts awarded | B6: =IFERROR(INDEX('Monthly Data'!$B$5:$B$44,MATCH(B$4,'Monthly Data'!$A$5:$A$44,0)),"n/a") -> 453 | C6: =IFERROR(INDEX('Monthly Data'!$B$5:$B$44,MATCH(C$4,'Monthly Data'!$A$5:$A$44,0)),"n/a") -> 370 | D6: =IFERROR(B6-C6,"n/a") -> 83 | E6: =IFERROR(IF(C6=0,"n/a",B6/C6-1),"n/a") -> 0.22432432 | F6: =IFERROR(INDEX('Monthly Data'!$B$5:$B$44,MATCH(F$4,'Monthly Data'!$A$5:$A$44,0)),"n/a") -> 523 | G6: =IFERROR(IF(F6=0,"n/a",B6/F6-1),"n/a") -> -0.13384321
A7: of which valued (value > $0) | B7: =IFERROR(INDEX('Monthly Data'!$C$5:$C$44,MATCH(B$4,'Monthly Data'!$A$5:$A$44,0)),"n/a") -> 340 | C7: =IFERROR(INDEX('Monthly Data'!$C$5:$C$44,MATCH(C$4,'Monthly Data'!$A$5:$A$44,0)),"n/a") -> 274 | D7: =IFERROR(B7-C7,"n/a") -> 66 | E7: =IFERROR(IF(C7=0,"n/a",B7/C7-1),"n/a") -> 0.24087591 | F7: =IFERROR(INDEX('Monthly Data'!$C$5:$C$44,MATCH(F$4,'Monthly Data'!$A$5:$A$44,0)),"n/a") -> 318 | G7: =IFERROR(IF(F7=0,"n/a",B7/F7-1),"n/a") -> 0.06918239
A8: Awarded value (CAD) | B8: =IFERROR(INDEX('Monthly Data'!$D$5:$D$44,MATCH(B$4,'Monthly Data'!$A$5:$A$44,0)),"n/a") -> 6.9150424e+08 | C8: =IFERROR(INDEX('Monthly Data'!$D$5:$D$44,MATCH(C$4,'Monthly Data'!$A$5:$A$44,0)),"n/a") -> 9.6110678e+08 | D8: =IFERROR(B8-C8,"n/a") -> -2.6960254e+08 | E8: =IFERROR(IF(C8=0,"n/a",B8/C8-1),"n/a") -> -0.28051257 | F8: =IFERROR(INDEX('Monthly Data'!$D$5:$D$44,MATCH(F$4,'Monthly Data'!$A$5:$A$44,0)),"n/a") -> 5.6766572e+09 | G8: =IFERROR(IF(F8=0,"n/a",B8/F8-1),"n/a") -> -0.8781846
A9: Awarded value excl. contracts over $100M | B9: =IFERROR(INDEX('Monthly Data'!$E$5:$E$44,MATCH(B$4,'Monthly Data'!$A$5:$A$44,0)),"n/a") -> 6.9150424e+08 | C9: =IFERROR(INDEX('Monthly Data'!$E$5:$E$44,MATCH(C$4,'Monthly Data'!$A$5:$A$44,0)),"n/a") -> 5.3578321e+08 | D9: =IFERROR(B9-C9,"n/a") -> 1.5572103e+08 | E9: =IFERROR(IF(C9=0,"n/a",B9/C9-1),"n/a") -> 0.29064187 | F9: =IFERROR(INDEX('Monthly Data'!$E$5:$E$44,MATCH(F$4,'Monthly Data'!$A$5:$A$44,0)),"n/a") -> 9.6431626e+08 | G9: =IFERROR(IF(F9=0,"n/a",B9/F9-1),"n/a") -> -0.28290721
A10: Distinct suppliers awarded | B10: =IFERROR(INDEX('Monthly Data'!$F$5:$F$44,MATCH(B$4,'Monthly Data'!$A$5:$A$44,0)),"n/a") -> 402 | C10: =IFERROR(INDEX('Monthly Data'!$F$5:$F$44,MATCH(C$4,'Monthly Data'!$A$5:$A$44,0)),"n/a") -> 295 | D10: =IFERROR(B10-C10,"n/a") -> 107 | E10: =IFERROR(IF(C10=0,"n/a",B10/C10-1),"n/a") -> 0.36271186 | F10: =IFERROR(INDEX('Monthly Data'!$F$5:$F$44,MATCH(F$4,'Monthly Data'!$A$5:$A$44,0)),"n/a") -> 472 | G10: =IFERROR(IF(F10=0,"n/a",B10/F10-1),"n/a") -> -0.14830508
A11: Average valued contract (CAD) | B11: =IFERROR(INDEX('Monthly Data'!$I$5:$I$44,MATCH(B$4,'Monthly Data'!$A$5:$A$44,0)),"n/a") -> 2033836 | C11: =IFERROR(INDEX('Monthly Data'!$I$5:$I$44,MATCH(C$4,'Monthly Data'!$A$5:$A$44,0)),"n/a") -> 3507689 | D11: =IFERROR(B11-C11,"n/a") -> -1473853 | E11: =IFERROR(IF(C11=0,"n/a",B11/C11-1),"n/a") -> -0.42017778 | F11: =IFERROR(INDEX('Monthly Data'!$I$5:$I$44,MATCH(F$4,'Monthly Data'!$A$5:$A$44,0)),"n/a") -> 17851123 | G11: =IFERROR(IF(F11=0,"n/a",B11/F11-1),"n/a") -> -0.88606678
A12: Competitive share of reported value | B12: =IFERROR(INDEX('Monthly Data'!$J$5:$J$44,MATCH(B$4,'Monthly Data'!$A$5:$A$44,0)),"n/a") -> 0.5820658 | C12: =IFERROR(INDEX('Monthly Data'!$J$5:$J$44,MATCH(C$4,'Monthly Data'!$A$5:$A$44,0)),"n/a") -> 0.51641001 | D12: =IFERROR(B12-C12,"n/a") -> 0.065655791 | F12: =IFERROR(INDEX('Monthly Data'!$J$5:$J$44,MATCH(F$4,'Monthly Data'!$A$5:$A$44,0)),"n/a") -> 0.89164204
A13: Contracts with $0 value (standing offers, arrangements) | B13: =IFERROR(B6-B7,"n/a") -> 113 | C13: =IFERROR(C6-C7,"n/a") -> 96 | D13: =IFERROR(B13-C13,"n/a") -> 17 | E13: =IFERROR(IF(C13=0,"n/a",B13/C13-1),"n/a") -> 0.17708333 | F13: =IFERROR(F6-F7,"n/a") -> 205 | G13: =IFERROR(IF(F13=0,"n/a",B13/F13-1),"n/a") -> -0.44878049
A15: Reading this report
A16: Awarded value = final cumulative value of contracts awarded in the month (valued contracts only), attributed to the award month.
A17: A single very large award can dominate a month; the 'excl. contracts over $100M' row shows the underlying run-rate.
A18: Competitive share = competitive value / (competitive + non-competitive value); contracts with no method reported are excluded. Its 'Change' is in percentage points.
A19: Detail tabs: Category, Suppliers, Sourcing (trailing 12 months ending this month), Amendments, Monthly Data, Data Quality, Notes.

Sheet Category
A1: Spend by category - March 2026 and trailing 12 months
A2: T12M = 12 months ending 2026-03. Valued contracts only. Shares and averages are formulas.
A4: Category | B4: This month (CAD) | C4: T12M (CAD) | D4: Share of T12M | E4: T12M monthly avg | F4: This month vs avg | G4: Contracts T12M | H4: Suppliers T12M
A5: Vehicles, Ships & Aircraft | B5: 48817966 | C5: 1.5115505e+09 | D5: =IFERROR(C5/C$20,0) -> 0.18101111 | E5: =C5/12 -> 1.2596254e+08 | F5: =IFERROR(B5/E5-1,"n/a") -> -0.61244061 | G5: 305 | H5: 209
A6: Transportation & Logistics | B6: 82894897 | C6: 1.396158e+09 | D6: =IFERROR(C6/C$20,0) -> 0.16719263 | E6: =C6/12 -> 1.163465e+08 | F6: =IFERROR(B6/E6-1,"n/a") -> -0.28751705 | G6: 89 | H6: 73
A7: Facilities, Construction & Environmental | B7: 93690001 | C7: 9.8106407e+08 | D7: =IFERROR(C7/C$20,0) -> 0.11748433 | E7: =C7/12 -> 81755339 | F7: =IFERROR(B7/E7-1,"n/a") -> 0.1459802 | G7: 418 | H7: 328
A8: Engineering, Research & Technical Services | B8: 40445194 | C8: 9.4763078e+08 | D8: =IFERROR(C8/C$20,0) -> 0.11348063 | E8: =C8/12 -> 78969232 | F8: =IFERROR(B8/E8-1,"n/a") -> -0.48783605 | G8: 241 | H8: 186
A9: Lab, Medical & Scientific | B9: 76805948 | C9: 8.747908e+08 | D9: =IFERROR(C9/C$20,0) -> 0.1047579 | E9: =C9/12 -> 72899233 | F9: =IFERROR(B9/E9-1,"n/a") -> 0.053590613 | G9: 264 | H9: 174
A10: Defence & Security | B10: 2.0574014e+08 | C10: 8.5341668e+08 | D10: =IFERROR(C10/C$20,0) -> 0.10219831 | E10: =C10/12 -> 71118057 | F10: =IFERROR(B10/E10-1,"n/a") -> 1.8929382 | G10: 124 | H10: 87
A11: Fuels, Chemicals, Materials & Food | B11: 1260929.7 | C11: 5.3112729e+08 | D11: =IFERROR(C11/C$20,0) -> 0.063603527 | E11: =C11/12 -> 44260608 | F11: =IFERROR(B11/E11-1,"n/a") -> -0.97151124 | G11: 124 | H11: 88
A12: Professional & Business Services | B12: 19347992 | C12: 3.8760825e+08 | D12: =IFERROR(C12/C$20,0) -> 0.046416842 | E12: =C12/12 -> 32300688 | F12: =IFERROR(B12/E12-1,"n/a") -> -0.40100371 | G12: 155 | H12: 116
A13: IT Hardware, Software & Telecom | B13: 45817646 | C13: 3.6918181e+08 | D13: =IFERROR(C13/C$20,0) -> 0.04421024 | E13: =C13/12 -> 30765151 | F13: =IFERROR(B13/E13-1,"n/a") -> 0.48927096 | G13: 299 | H13: 174
A14: Industrial Equipment, Tools & MRO | B14: 4283403.6 | C14: 1.7076162e+08 | D14: =IFERROR(C14/C$20,0) -> 0.020449036 | E14: =C14/12 -> 14230135 | F14: =IFERROR(B14/E14-1,"n/a") -> -0.69899066 | G14: 183 | H14: 153
A15: Office, Furniture & General Supplies | B15: 56928041 | C15: 1.295015e+08 | D15: =IFERROR(C15/C$20,0) -> 0.015508057 | E15: =C15/12 -> 10791792 | F15: =IFERROR(B15/E15-1,"n/a") -> 4.2751241 | G15: 307 | H15: 152
A16: Electronics & Electrical | B16: 3216720 | C16: 97182024 | D16: =IFERROR(C16/C$20,0) -> 0.011637736 | E16: =C16/12 -> 8098502 | F16: =IFERROR(B16/E16-1,"n/a") -> -0.60280061 | G16: 53 | H16: 45
... A19: Unclassified | B19: 0 | C19: 1480241 | D19: =IFERROR(C19/C$20,0) -> 0.00017726174 | E19: =C19/12 -> 123353.42 | F19: =IFERROR(B19/E19-1,"n/a") -> -1 | G19: 6 | H19: 6
A20: Total | B20: =SUM(B5:B19) -> 6.9150424e+08 | C20: =SUM(C5:C19) -> 8.350595e+09 | D20: =SUM(D5:D19) -> 1 | E20: =SUM(E5:E19) -> 6.9588292e+08 | F20: =IFERROR(B20/E20-1,"n/a") -> -0.0062922626 | G20: =SUM(G5:G19) -> 2776
A21: Categories come from the UNSPSC code (keyword rules for legacy records). Supplier counts are distinct within each category.

Sheet Suppliers
A1: Top 15 suppliers - trailing 12 months ending 2026-03
A2: Supplier names are merged with rule-based matching (no fuzzy matching), so some related entities may still appear separately.
A3: Total T12M valued awards, all suppliers (CAD) | B3: 8.350595e+09
A5: Rank | B5: Supplier | C5: Region | D5: Contracts T12M | E5: T12M value (CAD) | F5: Share of T12M | G5: Cumulative share | H5: This month (CAD)
A6: 1 | B6: Cascade Aerospace Inc | C6: British Columbia | D6: 1 | E6: 1245163550 | F6: =IFERROR(E6/$B$3,0) -> 0.14911076 | G6: =F6 -> 0.14911076 | H6: 0
A7: 2 | B7: Bombardier Inc. | C7: Quebec | D7: 1 | E7: 634000797 | F7: =IFERROR(E7/$B$3,0) -> 0.075922829 | G7: =G6+F7 -> 0.22503359 | H7: 0
A8: 3 | B8: EBCinc | C8: Ontario | D8: 2 | E8: 4.9365283e+08 | F8: =IFERROR(E8/$B$3,0) -> 0.059115886 | G8: =G7+F8 -> 0.28414947 | H8: 0
A9: 4 | B9: Moderna Biopharma Canada Corporation | C9: Ontario | D9: 1 | E9: 3.6054298e+08 | F9: =IFERROR(E9/$B$3,0) -> 0.043175723 | G9: =G8+F9 -> 0.3273252 | H9: 0
A10: 5 | B10: COLT CANADA | C10: Ontario | D10: 2 | E10: 3.1006707e+08 | F10: =IFERROR(E10/$B$3,0) -> 0.037131135 | G10: =G9+F10 -> 0.36445633 | H10: 0
A11: 6 | B11: General Dynamics-OTS Canada Inc. | C11: Quebec | D11: 18 | E11: 2.4385654e+08 | F11: =IFERROR(E11/$B$3,0) -> 0.029202295 | G11: =G10+F11 -> 0.39365863 | H11: 33407446
A12: 7 | B12: Pfizer Canada ULC | C12: Quebec | D12: 1 | E12: 2.1837974e+08 | F12: =IFERROR(E12/$B$3,0) -> 0.026151398 | G12: =G11+F12 -> 0.41981002 | H12: 0
A13: 8 | B13: CACI, INC. - FEDERAL | C13: United States | D13: 2 | E13: 1.3931722e+08 | F13: =IFERROR(E13/$B$3,0) -> 0.016683508 | G13: =G12+F13 -> 0.43649353 | H13: 0
A14: 9 | B14: ST4D Canada | C14: Quebec | D14: 1 | E14: 118081500 | F14: =IFERROR(E14/$B$3,0) -> 0.014140489 | G14: =G13+F14 -> 0.45063402 | H14: 0
A15: 10 | B15: MDA SYSTEMS | C15: British Columbia | D15: 8 | E15: 1.0244634e+08 | F15: =IFERROR(E15/$B$3,0) -> 0.012268148 | G15: =G14+F15 -> 0.46290217 | H15: 0
A16: 11 | B16: The Michelin Construction Group Inc. | C16: Ontario | D16: 1 | E16: 91776925 | F16: =IFERROR(E16/$B$3,0) -> 0.010990465 | G16: =G15+F16 -> 0.47389263 | H16: 0
A17: 12 | B17: Bluewave Energy, Ultramar, Columbia Fuels | C17: Alberta | D17: 4 | E17: 89982547 | F17: =IFERROR(E17/$B$3,0) -> 0.010775585 | G17: =G16+F17 -> 0.48466822 | H17: 0
A18: 13 | B18: UNITED STATES DEPARTMENT OF THE NAVY (NAVICP) | C18: United States | D18: 1 | E18: 87728848 | F18: =IFERROR(E18/$B$3,0) -> 0.0105057 | G18: =G17+F18 -> 0.49517392 | H18: 0
... A20: 15 | B20: General Dynamics Ordnance and Tactical Systems-Canada Valleyfield | C20: Quebec | D20: 1 | E20: 81045280 | F20: =IFERROR(E20/$B$3,0) -> 0.0097053299 | G20: =G19+F20 -> 0.51534129 | H20: 81045280
B21: Top 10 share of T12M value | F21: =SUM(F6:F15) -> 0.46290217

Sheet Sourcing
A1: Sourcing mix - March 2026 and trailing 12 months
A2: Competitive vs non-competitive award value. Shares and totals are formulas.
A4: Sourcing type | B4: This month (CAD) | C4: T12M (CAD) | D4: Share of T12M
A5: Competitive | B5: 3.9810553e+08 | C5: 4.8073815e+09 | D5: =IFERROR(C5/C$9,0) -> 0.57569329
A6: Non-competitive | B6: 2.8584726e+08 | C6: 2.0615372e+09 | D6: =IFERROR(C6/C$9,0) -> 0.24687309
A7: Advance notice (ACAN) | B7: 4454114.9 | C7: 95343363 | D7: =IFERROR(C7/C$9,0) -> 0.011417553
A8: Not reported | B8: 3097340.5 | C8: 1.386333e+09 | D8: =IFERROR(C8/C$9,0) -> 0.16601607
A9: Total | B9: =SUM(B5:B8) -> 6.9150424e+08 | C9: =SUM(C5:C8) -> 8.350595e+09 | D9: =SUM(D5:D8) -> 1
A10: Competitive share of reported value | B10: =IFERROR(B5/(B5+B6),"n/a") -> 0.5820658 | C10: =IFERROR(C5/(C5+C6),"n/a") -> 0.69987457
A12: Why contracts were not competed (non-competitive, T12M)
A13: Reason | B13: Contracts | C13: Value (CAD) | D13: Share of non-competitive
A14: Not stated | B14: 251 | C14: 1.1640642e+09 | D14: =IFERROR(C14/C$6,0) -> 0.56465837
A15: Exclusive Rights | B15: 782 | C15: 8.8695862e+08 | D15: =IFERROR(C15/C$6,0) -> 0.43024139
A16: No response to bid solicitation | B16: 8 | C16: 3170873.9 | D16: =IFERROR(C16/C$6,0) -> 0.0015381114
A17: Extreme Urgency | B17: 4 | C17: 3104437.3 | D17: =IFERROR(C17/C$6,0) -> 0.0015058847
A18: Prototype Purchase | B18: 2 | C18: 1788927.6 | D18: =IFERROR(C18/C$6,0) -> 0.0008677639
A19: Work on a property by a contractor according to a warranty or guarantee (for con | B19: 3 | C19: 825734.29 | D19: =IFERROR(C19/C$6,0) -> 0.000400543
A21: Reasons shown are the top 6 by value, so shares may sum to less than 100%.

Sheet Amendments
A1: Contract value changes - contracts amended in March 2026
A2: Stand-alone contracts whose original record is in the file. Change columns are formulas.
A3: Contracts with amendment activity this month (any type) | B3: 425
A5: Contract # | B5: Title | C5: Supplier | D5: Category | E5: Original award (CAD) | F5: Current value (CAD) | G5: Change (CAD) | H5: Change % | I5: Amendments
A6: CW2407275 | B6: COVID-19 Vaccines | C6: Moderna Biopharma Canada Corporation | D6: Lab, Medical & Scientific | E6: 199907418 | F6: 3.6054298e+08 | G6: =F6-E6 -> 1.6063556e+08 | H6: =IFERROR(G6/E6,"n/a") -> 0.80354978 | I6: 1
A7: CW2407284 | B7: COVID-19 Vaccines | C7: Pfizer Canada ULC | D7: Lab, Medical & Scientific | E7: 1.1604954e+08 | F7: 2.1837974e+08 | G7: =F7-E7 -> 1.023302e+08 | H7: =IFERROR(G7/E7,"n/a") -> 0.88178034 | I7: 1
A8: CW2323348 | B8: Amend 007 IT Modernization Phase 2 (ITM2) initiative for CIPO – CDS | C8: DELOITTE INC | D8: Professional & Business Services | E8: 6898500 | F8: 29295630 | G8: =F8-E8 -> 22397130 | H8: =IFERROR(G8/E8,"n/a") -> 3.2466667 | I8: 4
A9: F7044-221042/001/MD | B9: CCGS Judy LaMarsh - Conversion - St John's Dockyard Limited | C9: ST JOHNS DOCKYARD LTD | D9: Transportation & Logistics | E9: 34298750 | F9: 48627236 | G9: =F9-E9 -> 14328486 | H9: =IFERROR(G9/E9,"n/a") -> 0.41775534 | I9: 13
A10: W0134-23ACMI/001/QT | B10: Amend 003 - CF188 ACMI In-Service Support - CUBIC DEFENSE APPLICATIONS | C10: CUBIC DEFENSE APPLICATIONS, INC | D10: Office, Furniture & General Supplies | E10: 6198689 | F10: 17624180 | G10: =F10-E10 -> 11425491 | H10: =IFERROR(G10/E10,"n/a") -> 1.8432109 | I10: 3
A11: CW2367289 | B11: W8486-25SP0G Assembly Contract Combat Rations | C11: Ropack Inc. | D11: Fuels, Chemicals, Materials & Food | E11: 6592353.9 | F11: 17177197 | G11: =F11-E11 -> 10584843 | H11: =IFERROR(G11/E11,"n/a") -> 1.6056243 | I11: 1
A12: CW2327288 | B12: SIGMA PROFESSIONAL SERVICES | C12: PricewaterhouseCoopers LLP | D12: Professional & Business Services | E12: 15000000 | F12: 25000000 | G12: =F12-E12 -> 10000000 | H12: =IFERROR(G12/E12,"n/a") -> 0.66666667 | I12: 3
A13: CW2303789 | B13: Blackdown Cadet Training Centre Food Catering Services | C13: Compass Group Canada | D13: Travel, Personal & Other Services | E13: 1822708.3 | F13: 11694502 | G13: =F13-E13 -> 9871793.8 | H13: =IFERROR(G13/E13,"n/a") -> 5.4160032 | I13: 4
A14: CW2339945 | B14: Inmates inter-Regional Transfer flights | C14: Air Inuit LTD | D14: Transportation & Logistics | E14: 2608695.6 | F14: 10571177 | G14: =F14-E14 -> 7962481.7 | H14: =IFERROR(G14/E14,"n/a") -> 3.0522847 | I14: 2
A15: F7047-220015/001/ERD | B15: High Viscosity (Weir) Skimmer - GRIFFIN Engineered Systems Inc. | C15: GRIFFIN ENGINEERED SYSTEMS INC | D15: Facilities, Construction & Environmental | E15: 4659050 | F15: 9105205.5 | G15: =F15-E15 -> 4446155.5 | H15: =IFERROR(G15/E15,"n/a") -> 0.95430517 | I15: 5
A17: Top 10 by dollar increase. Standing offers and supply arrangements are excluded (their value is a ceiling).

Sheet Monthly Data
A1: Monthly awards - all months in the file
A2: Aggregates from the database (contracts grouped by award month). Columns I-K are formulas.
A4: Month | B4: Contracts awarded | C4: Valued contracts (value > $0) | D4: Awarded value (CAD) | E4: Awarded value excl. contracts over $100M | F4: Distinct suppliers | G4: Competitive value | H4: Non-competitive value | I4: Avg valued contract | J4: Competitive share of reported value | K4: Contracts awarded - 3-mo avg
A5: 2023-06 | B5: 383 | C5: 326 | D5: 2.8471444e+09 | E5: 6.0377154e+08 | F5: 327 | G5: 9.1710999e+08 | H5: 1.666257e+09 | I5: =IFERROR(D5/C5,0) -> 8733571.8 | J5: =IFERROR(G5/(G5+H5),"n/a") -> 0.35500569 | K5: =AVERAGE(B5:B5) -> 383
A6: 2023-07 | B6: 272 | C6: 236 | D6: 1.1495557e+09 | E6: 5.1895028e+08 | F6: 241 | G6: 5.4328039e+08 | H6: 34837956 | I6: =IFERROR(D6/C6,0) -> 4870998.6 | J6: =IFERROR(G6/(G6+H6),"n/a") -> 0.93973906 | K6: =AVERAGE(B5:B6) -> 327.5
A7: 2023-08 | B7: 318 | C7: 276 | D7: 7.1557732e+08 | E7: 7.1557732e+08 | F7: 275 | G7: 4.645814e+08 | H7: 1.806468e+08 | I7: =IFERROR(D7/C7,0) -> 2592671.4 | J7: =IFERROR(G7/(G7+H7),"n/a") -> 0.7200265 | K7: =AVERAGE(B5:B7) -> 324.33333
A8: 2023-09 | B8: 506 | C8: 375 | D8: 6.7335987e+08 | E8: 6.7335987e+08 | F8: 460 | G8: 5.0551694e+08 | H8: 61343488 | I8: =IFERROR(D8/C8,0) -> 1795626.3 | J8: =IFERROR(G8/(G8+H8),"n/a") -> 0.89178379 | K8: =AVERAGE(B6:B8) -> 365.33333
A9: 2023-10 | B9: 358 | C9: 256 | D9: 1.2042099e+09 | E9: 5.6034992e+08 | F9: 279 | G9: 1.0160387e+09 | H9: 1.0563637e+08 | I9: =IFERROR(D9/C9,0) -> 4703945 | J9: =IFERROR(G9/(G9+H9),"n/a") -> 0.90582266 | K9: =AVERAGE(B7:B9) -> 394
A10: 2023-11 | B10: 389 | C10: 325 | D10: 9.5935547e+08 | E10: 8.0481209e+08 | F10: 330 | G10: 7.3157874e+08 | H10: 1.1386026e+08 | I10: =IFERROR(D10/C10,0) -> 2951863 | J10: =IFERROR(G10/(G10+H10),"n/a") -> 0.86532409 | K10: =AVERAGE(B8:B10) -> 417.66667
A11: 2023-12 | B11: 407 | C11: 333 | D11: 6.5380059e+09 | E11: 7.8597586e+08 | F11: 326 | G11: 2.0896705e+09 | H11: 2.4338541e+09 | I11: =IFERROR(D11/C11,0) -> 19633651 | J11: =IFERROR(G11/(G11+H11),"n/a") -> 0.46195626 | K11: =AVERAGE(B9:B11) -> 384.66667
A12: 2024-01 | B12: 527 | C12: 355 | D12: 5.1809095e+08 | E12: 5.1809095e+08 | F12: 427 | G12: 2.6157427e+08 | H12: 1.2160102e+08 | I12: =IFERROR(D12/C12,0) -> 1459411.1 | J12: =IFERROR(G12/(G12+H12),"n/a") -> 0.68264911 | K12: =AVERAGE(B10:B12) -> 441
A13: 2024-02 | B13: 379 | C13: 325 | D13: 1.9187242e+09 | E13: 3.4781813e+08 | F13: 325 | G13: 2.2072059e+08 | H13: 1.0554852e+08 | I13: =IFERROR(D13/C13,0) -> 5903766.6 | J13: =IFERROR(G13/(G13+H13),"n/a") -> 0.67649858 | K13: =AVERAGE(B11:B13) -> 437.66667
A14: 2024-03 | B14: 465 | C14: 355 | D14: 9.3889426e+08 | E14: 7.9142001e+08 | F14: 360 | G14: 4.6974051e+08 | H14: 3.7182981e+08 | I14: =IFERROR(D14/C14,0) -> 2644772.6 | J14: =IFERROR(G14/(G14+H14),"n/a") -> 0.55817143 | K14: =AVERAGE(B12:B14) -> 457
A15: 2024-04 | B15: 375 | C15: 233 | D15: 3.3184428e+08 | E15: 3.3184428e+08 | F15: 328 | G15: 2.0196865e+08 | H15: 1.2123253e+08 | I15: =IFERROR(D15/C15,0) -> 1424224.4 | J15: =IFERROR(G15/(G15+H15),"n/a") -> 0.62490072 | K15: =AVERAGE(B13:B15) -> 406.33333
A16: 2024-05 | B16: 279 | C16: 228 | D16: 7.9881214e+08 | E16: 6.2739285e+08 | F16: 252 | G16: 5.5045074e+08 | H16: 2.0452265e+08 | I16: =IFERROR(D16/C16,0) -> 3503562 | J16: =IFERROR(G16/(G16+H16),"n/a") -> 0.72909952 | K16: =AVERAGE(B14:B16) -> 373
A17: 2024-06 | B17: 358 | C17: 208 | D17: 3.9450896e+08 | E17: 3.9450896e+08 | F17: 316 | G17: 2.8726212e+08 | H17: 91196427 | I17: =IFERROR(D17/C17,0) -> 1896677.7 | J17: =IFERROR(G17/(G17+H17),"n/a") -> 0.75903193 | K17: =AVERAGE(B15:B17) -> 337.33333
A18: 2024-07 | B18: 362 | C18: 220 | D18: 3.9573591e+08 | E18: 3.9573591e+08 | F18: 316 | G18: 3.4161384e+08 | H18: 39820500 | I18: =IFERROR(D18/C18,0) -> 1798799.6 | J18: =IFERROR(G18/(G18+H18),"n/a") -> 0.89560326 | K18: =AVERAGE(B16:B18) -> 333
... A44: 2026-09 | B44: 218 | C44: 136 | D44: 1.7369516e+08 | E44: 1.7369516e+08 | F44: 197 | G44: 1.0621331e+08 | H44: 52302441 | I44: =IFERROR(D44/C44,0) -> 1277170.3 | J44: =IFERROR(G44/(G44+H44),"n/a") -> 0.67004893 | K44: =AVERAGE(B42:B44) -> 332

Sheet Data Quality
A1: Data quality exceptions (whole file)
A2: Contract-level checks run by the pipeline. Flagged, never silently dropped.
A3: Total contracts in file | B3: 14169
A5: Issue | B5: Contracts | C5: % of all contracts
A6: Amended contract without original record in file | B6: 2069 | C6: =IFERROR(B6/$B$3,0) -> 0.14602301
A7: Sourcing method not reported | B7: 1194 | C7: =IFERROR(B7/$B$3,0) -> 0.084268473
A8: Missing award date | B8: 279 | C8: =IFERROR(B8/$B$3,0) -> 0.019690874
A9: Award published before award date | B9: 147 | C9: =IFERROR(B9/$B$3,0) -> 0.010374762
A10: End date is a system placeholder (>= 2060) | B10: 70 | C10: =IFERROR(B10/$B$3,0) -> 0.0049403628
A11: Zero value on a stand-alone contract | B11: 40 | C11: =IFERROR(B11/$B$3,0) -> 0.0028230644
A12: Supplier province unknown (Canadian supplier) | B12: 6 | C12: =IFERROR(B12/$B$3,0) -> 0.00042345967
A13: End date before start date | B13: 2 | C13: =IFERROR(B13/$B$3,0) -> 0.00014115322
A14: Negative contract value | B14: 1 | C14: =IFERROR(B14/$B$3,0) -> 7.0576611e-05

Sheet Notes
A1: Notes, definitions and limitations
A3: Source | B3: CanadaBuys contract history, 2023-06-01 onwards (Public Services and Procurement Canada). Contains information licensed under the Open Government Licence - Canada.
A4: Scope | B4: Federal government contracts. This is public procurement data, not manufacturing or electronics spend.
A5: Unit of analysis | B5: One row per contract: amendment history is collapsed to the latest record.
A6: Spend | B6: totalContractValue (final cumulative value, CAD). It is identical on every record of a contract, so amendments do not double count. Contracts valued at $0 (mostly standing offers and supply arrangements) count as contracts but add no spend.
A7: Award month | B7: Spend is attributed to the month the contract was first awarded, not when it is paid.
A8: Late postings | B8: Awards are published after the award date: across contracts in this file the median lag is 30 days (25th percentile 4, 75th percentile 201). Recent months therefore keep growing as awards are posted. 'Provisional' means the month ended within 180 days of the newest publication date - a heuristic, not a guarantee.
A9: Not available | B9: The file has no delivery dates, quantities, unit prices or invoices, so on-time delivery, price variance and invoice reconciliation cannot be computed from it.
A10: Categories | B10: UNSPSC segment mapped to 14 business categories; legacy records without UNSPSC use keyword rules on the GSIN description (best effort, not validated).
A11: Suppliers | B11: Rule-based name matching using the publisher's standardized names. No fuzzy matching, so related entities (for example subsidiaries) can remain separate.
A12: Mega-contracts | B12: A few contracts exceed $1B. Use the 'excl. contracts over $100M' rows for run-rate views.
A13: Generated | B13: 2026-10-21 23:40 by `python -m spendpipe report`.
